customer_id,brand,issue_type,expected_value,recommended_action,reason,primary_issue,owner,playbook,cost_per_action,expected_save_rate,expected_saved_value,net_impact,roi,scenario
CUST-00247,Voltix Home,late_fulfillment + support_escalation,714.5,Prioritize shipment follow-up before next renewal.,Delivered in 6 days vs 3 promised | 3 support tickets in 90 days,late_fulfillment,Operations,Late-shipment rescue workflow,9.0,0.24,171.48,162.48,19.05333333333333,Lean sprint
CUST-00283,Voltix Home,failed_payment + late_fulfillment,302.83,Send payment update link; decline reason: gateway_issue.,1 retries / 4 days past due | Delivered in 7 days vs 5 promised,failed_payment,Billing Ops,Smart dunning and payment-link recovery,1.25,0.42,127.1886,125.9386,101.75088,Lean sprint
CUST-00114,Voltix Home,failed_payment + late_fulfillment,299.17,Send payment update link; decline reason: insufficient_funds.,3 retries / 11 days past due | Delivered in 4 days vs 2 promised,failed_payment,Billing Ops,Smart dunning and payment-link recovery,1.25,0.42,125.6514,124.4014,100.52112,Lean sprint
CUST-01935,Voltix Home,failed_payment + late_fulfillment,252.23,Send payment update link; decline reason: gateway_issue.,1 retries / 6 days past due | Delivered in 6 days vs 4 promised,failed_payment,Billing Ops,Smart dunning and payment-link recovery,1.25,0.42,105.9366,104.6866,84.74928,Lean sprint
CUST-01408,Voltix Home,failed_payment + late_fulfillment,247.99,Send payment update link; decline reason: expired_card.,3 retries / 9 days past due | Delivered in 6 days vs 4 promised,failed_payment,Billing Ops,Smart dunning and payment-link recovery,1.25,0.42,104.1558,102.9058,83.32464,Lean sprint
CUST-00239,Voltix Home,failed_payment + discount_margin_leak,235.43,Send payment update link; decline reason: gateway_issue.,1 retries / 5 days past due | 46% discount with 57% churn risk,failed_payment,Billing Ops,Smart dunning and payment-link recovery,1.25,0.42,98.8806,97.6306,79.10448,Lean sprint
CUST-00500,Voltix Home,failed_payment + discount_margin_leak,222.5,Send payment update link; decline reason: soft_decline.,2 retries / 15 days past due | 37% discount with 37% churn risk,failed_payment,Billing Ops,Smart dunning and payment-link recovery,1.25,0.42,93.45,92.2,74.76,Lean sprint
CUST-01840,Voltix Home,late_fulfillment + discount_margin_leak,384.84,Prioritize shipment follow-up before next renewal.,Delivered in 6 days vs 3 promised | 55% discount with 54% churn risk,late_fulfillment,Operations,Late-shipment rescue workflow,9.0,0.24,92.3616,83.3616,10.2624,Lean sprint
CUST-02239,Voltix Home,late_fulfillment + discount_margin_leak,384.55,Prioritize shipment follow-up before next renewal.,Delivered in 5 days vs 2 promised | 44% discount with 63% churn risk,late_fulfillment,Operations,Late-shipment rescue workflow,9.0,0.24,92.292,83.292,10.254666666666667,Lean sprint
CUST-01103,Voltix Home,late_fulfillment + failed_payment,375.05,Prioritize shipment follow-up before next renewal.,Delivered in 7 days vs 5 promised | 2 retries / 5 days past due,late_fulfillment,Operations,Late-shipment rescue workflow,9.0,0.24,90.012,81.012,10.001333333333333,Lean sprint
CUST-02437,Voltix Home,support_escalation + failed_payment,471.76,Add to customer-success callback queue.,3 support tickets in 90 days | 3 retries / 2 days past due,support_escalation,Customer Success,Priority callback for high-value subscribers,14.0,0.2,94.352,80.352,6.739428571428571,Lean sprint
CUST-00600,Voltix Home,late_fulfillment + discount_margin_leak,364.38,Prioritize shipment follow-up before next renewal.,Delivered in 9 days vs 5 promised | 50% discount with 52% churn risk,late_fulfillment,Operations,Late-shipment rescue workflow,9.0,0.24,87.4512,78.4512,9.7168,Lean sprint
CUST-00042,VitalEdge Wellness,late_fulfillment + support_escalation + discount_margin_leak,344.65,Prioritize shipment follow-up before next renewal.,Delivered in 5 days vs 3 promised | 3 support tickets in 90 days,late_fulfillment,Operations,Late-shipment rescue workflow,9.0,0.24,82.716,73.716,9.190666666666665,Lean sprint
CUST-01246,Voltix Home,support_escalation + late_fulfillment,422.18,Add to customer-success callback queue.,3 support tickets in 90 days | Delivered in 5 days vs 3 promised,support_escalation,Customer Success,Priority callback for high-value subscribers,14.0,0.2,84.436,70.436,6.031142857142858,Lean sprint
CUST-02176,Voltix Home,late_fulfillment + discount_margin_leak,309.9,Prioritize shipment follow-up before next renewal.,Delivered in 4 days vs 2 promised | 46% discount with 47% churn risk,late_fulfillment,Operations,Late-shipment rescue workflow,9.0,0.24,74.37599999999999,65.37599999999999,8.264,Lean sprint
CUST-02313,Voltix Home,support_escalation + late_fulfillment,388.28,Add to customer-success callback queue.,3 support tickets in 90 days | Delivered in 4 days vs 2 promised,support_escalation,Customer Success,Priority callback for high-value subscribers,14.0,0.2,77.656,63.656000000000006,5.546857142857143,Lean sprint
CUST-00953,Voltix Home,late_fulfillment + discount_margin_leak,291.19,Prioritize shipment follow-up before next renewal.,Delivered in 7 days vs 3 promised | 51% discount with 55% churn risk,late_fulfillment,Operations,Late-shipment rescue workflow,9.0,0.24,69.8856,60.8856,7.765066666666666,Lean sprint
CUST-01877,Voltix Home,support_escalation,358.68,Add to customer-success callback queue.,3 support tickets in 90 days,support_escalation,Customer Success,Priority callback for high-value subscribers,14.0,0.2,71.736,57.736000000000004,5.1240000000000006,Lean sprint
CUST-01959,Voltix Home,support_escalation + discount_margin_leak,341.85,Add to customer-success callback queue.,5 support tickets in 90 days | 36% discount with 69% churn risk,support_escalation,Customer Success,Priority callback for high-value subscribers,14.0,0.2,68.37,54.370000000000005,4.883571428571429,Lean sprint
CUST-00137,Voltix Home,discount_margin_leak,162.31,Move from blanket discount to targeted retention offer.,41% discount with 55% churn risk,discount_margin_leak,Growth,Offer ladder instead of blanket discounts,3.5,0.16,25.9696,22.4696,7.419885714285714,Lean sprint
CUST-01130,Voltix Home,discount_margin_leak,141.74,Move from blanket discount to targeted retention offer.,41% discount with 44% churn risk,discount_margin_leak,Growth,Offer ladder instead of blanket discounts,3.5,0.16,22.678400000000003,19.178400000000003,6.479542857142858,Lean sprint
CUST-00064,Voltix Home,discount_margin_leak,140.98,Move from blanket discount to targeted retention offer.,55% discount with 33% churn risk,discount_margin_leak,Growth,Offer ladder instead of blanket discounts,3.5,0.16,22.5568,19.0568,6.4448,Lean sprint
CUST-00247,Voltix Home,late_fulfillment + support_escalation,714.5,Prioritize shipment follow-up before next renewal.,Delivered in 6 days vs 3 promised | 3 support tickets in 90 days,late_fulfillment,Operations,Late-shipment rescue workflow,9.0,0.24,171.48,162.48,19.05333333333333,Balanced week
CUST-00283,Voltix Home,failed_payment + late_fulfillment,302.83,Send payment update link; decline reason: gateway_issue.,1 retries / 4 days past due | Delivered in 7 days vs 5 promised,failed_payment,Billing Ops,Smart dunning and payment-link recovery,1.25,0.42,127.1886,125.9386,101.75088,Balanced week
CUST-00114,Voltix Home,failed_payment + late_fulfillment,299.17,Send payment update link; decline reason: insufficient_funds.,3 retries / 11 days past due | Delivered in 4 days vs 2 promised,failed_payment,Billing Ops,Smart dunning and payment-link recovery,1.25,0.42,125.6514,124.4014,100.52112,Balanced week
CUST-01935,Voltix Home,failed_payment + late_fulfillment,252.23,Send payment update link; decline reason: gateway_issue.,1 retries / 6 days past due | Delivered in 6 days vs 4 promised,failed_payment,Billing Ops,Smart dunning and payment-link recovery,1.25,0.42,105.9366,104.6866,84.74928,Balanced week
CUST-01408,Voltix Home,failed_payment + late_fulfillment,247.99,Send payment update link; decline reason: expired_card.,3 retries / 9 days past due | Delivered in 6 days vs 4 promised,failed_payment,Billing Ops,Smart dunning and payment-link recovery,1.25,0.42,104.1558,102.9058,83.32464,Balanced week
CUST-00239,Voltix Home,failed_payment + discount_margin_leak,235.43,Send payment update link; decline reason: gateway_issue.,1 retries / 5 days past due | 46% discount with 57% churn risk,failed_payment,Billing Ops,Smart dunning and payment-link recovery,1.25,0.42,98.8806,97.6306,79.10448,Balanced week
CUST-00500,Voltix Home,failed_payment + discount_margin_leak,222.5,Send payment update link; decline reason: soft_decline.,2 retries / 15 days past due | 37% discount with 37% churn risk,failed_payment,Billing Ops,Smart dunning and payment-link recovery,1.25,0.42,93.45,92.2,74.76,Balanced week
CUST-01818,Voltix Home,failed_payment,217.95,Send payment update link; decline reason: authentication_required.,1 retries / 17 days past due,failed_payment,Billing Ops,Smart dunning and payment-link recovery,1.25,0.42,91.53899999999999,90.28899999999999,73.23119999999999,Balanced week
CUST-01680,Voltix Home,failed_payment + discount_margin_leak,203.58,Send payment update link; decline reason: soft_decline.,3 retries / 6 days past due | 50% discount with 54% churn risk,failed_payment,Billing Ops,Smart dunning and payment-link recovery,1.25,0.42,85.5036,84.2536,68.40288000000001,Balanced week
CUST-01840,Voltix Home,late_fulfillment + discount_margin_leak,384.84,Prioritize shipment follow-up before next renewal.,Delivered in 6 days vs 3 promised | 55% discount with 54% churn risk,late_fulfillment,Operations,Late-shipment rescue workflow,9.0,0.24,92.3616,83.3616,10.2624,Balanced week
CUST-02239,Voltix Home,late_fulfillment + discount_margin_leak,384.55,Prioritize shipment follow-up before next renewal.,Delivered in 5 days vs 2 promised | 44% discount with 63% churn risk,late_fulfillment,Operations,Late-shipment rescue workflow,9.0,0.24,92.292,83.292,10.254666666666667,Balanced week
CUST-01103,Voltix Home,late_fulfillment + failed_payment,375.05,Prioritize shipment follow-up before next renewal.,Delivered in 7 days vs 5 promised | 2 retries / 5 days past due,late_fulfillment,Operations,Late-shipment rescue workflow,9.0,0.24,90.012,81.012,10.001333333333333,Balanced week
CUST-02437,Voltix Home,support_escalation + failed_payment,471.76,Add to customer-success callback queue.,3 support tickets in 90 days | 3 retries / 2 days past due,support_escalation,Customer Success,Priority callback for high-value subscribers,14.0,0.2,94.352,80.352,6.739428571428571,Balanced week
CUST-00463,Voltix Home,failed_payment,193.78,Send payment update link; decline reason: insufficient_funds.,3 retries / 4 days past due,failed_payment,Billing Ops,Smart dunning and payment-link recovery,1.25,0.42,81.38759999999999,80.13759999999999,65.11008,Balanced week
CUST-00600,Voltix Home,late_fulfillment + discount_margin_leak,364.38,Prioritize shipment follow-up before next renewal.,Delivered in 9 days vs 5 promised | 50% discount with 52% churn risk,late_fulfillment,Operations,Late-shipment rescue workflow,9.0,0.24,87.4512,78.4512,9.7168,Balanced week
CUST-00042,VitalEdge Wellness,late_fulfillment + support_escalation + discount_margin_leak,344.65,Prioritize shipment follow-up before next renewal.,Delivered in 5 days vs 3 promised | 3 support tickets in 90 days,late_fulfillment,Operations,Late-shipment rescue workflow,9.0,0.24,82.716,73.716,9.190666666666665,Balanced week
CUST-02166,VitalEdge Wellness,failed_payment + late_fulfillment,172.34,Send payment update link; decline reason: insufficient_funds.,3 retries / 7 days past due | Delivered in 5 days vs 3 promised,failed_payment,Billing Ops,Smart dunning and payment-link recovery,1.25,0.42,72.3828,71.1328,57.906240000000004,Balanced week
CUST-01246,Voltix Home,support_escalation + late_fulfillment,422.18,Add to customer-success callback queue.,3 support tickets in 90 days | Delivered in 5 days vs 3 promised,support_escalation,Customer Success,Priority callback for high-value subscribers,14.0,0.2,84.436,70.436,6.031142857142858,Balanced week
CUST-00436,VitalEdge Wellness,failed_payment + late_fulfillment,165.78,Send payment update link; decline reason: authentication_required.,1 retries / 6 days past due | Delivered in 7 days vs 4 promised,failed_payment,Billing Ops,Smart dunning and payment-link recovery,1.25,0.42,69.6276,68.3776,55.70208,Balanced week
CUST-02176,Voltix Home,late_fulfillment + discount_margin_leak,309.9,Prioritize shipment follow-up before next renewal.,Delivered in 4 days vs 2 promised | 46% discount with 47% churn risk,late_fulfillment,Operations,Late-shipment rescue workflow,9.0,0.24,74.37599999999999,65.37599999999999,8.264,Balanced week
CUST-00615,Voltix Home,failed_payment,155.0,Send payment update link; decline reason: expired_card.,1 retries / 9 days past due,failed_payment,Billing Ops,Smart dunning and payment-link recovery,1.25,0.42,65.1,63.849999999999994,52.08,Balanced week
CUST-02313,Voltix Home,support_escalation + late_fulfillment,388.28,Add to customer-success callback queue.,3 support tickets in 90 days | Delivered in 4 days vs 2 promised,support_escalation,Customer Success,Priority callback for high-value subscribers,14.0,0.2,77.656,63.656000000000006,5.546857142857143,Balanced week
CUST-00953,Voltix Home,late_fulfillment + discount_margin_leak,291.19,Prioritize shipment follow-up before next renewal.,Delivered in 7 days vs 3 promised | 51% discount with 55% churn risk,late_fulfillment,Operations,Late-shipment rescue workflow,9.0,0.24,69.8856,60.8856,7.765066666666666,Balanced week
CUST-01877,Voltix Home,support_escalation,358.68,Add to customer-success callback queue.,3 support tickets in 90 days,support_escalation,Customer Success,Priority callback for high-value subscribers,14.0,0.2,71.736,57.736000000000004,5.1240000000000006,Balanced week
CUST-01959,Voltix Home,support_escalation + discount_margin_leak,341.85,Add to customer-success callback queue.,5 support tickets in 90 days | 36% discount with 69% churn risk,support_escalation,Customer Success,Priority callback for high-value subscribers,14.0,0.2,68.37,54.370000000000005,4.883571428571429,Balanced week
CUST-02486,Voltix Home,late_fulfillment + failed_payment,244.93,Prioritize shipment follow-up before next renewal.,Delivered in 10 days vs 4 promised | 3 retries / 12 days past due,late_fulfillment,Operations,Late-shipment rescue workflow,9.0,0.24,58.7832,49.7832,6.531466666666667,Balanced week
CUST-01436,Voltix Home,late_fulfillment,232.37,Prioritize shipment follow-up before next renewal.,Delivered in 7 days vs 2 promised,late_fulfillment,Operations,Late-shipment rescue workflow,9.0,0.24,55.7688,46.7688,6.196533333333333,Balanced week
CUST-02259,Voltix Home,support_escalation + discount_margin_leak,293.66,Add to customer-success callback queue.,3 support tickets in 90 days | 41% discount with 47% churn risk,support_escalation,Customer Success,Priority callback for high-value subscribers,14.0,0.2,58.732000000000006,44.732000000000006,4.195142857142858,Balanced week
CUST-00344,Voltix Home,late_fulfillment + discount_margin_leak,222.83,Prioritize shipment follow-up before next renewal.,Delivered in 6 days vs 4 promised | 39% discount with 39% churn risk,late_fulfillment,Operations,Late-shipment rescue workflow,9.0,0.24,53.4792,44.4792,5.9421333333333335,Balanced week
CUST-01583,Voltix Home,support_escalation + discount_margin_leak,287.91,Add to customer-success callback queue.,3 support tickets in 90 days | 43% discount with 51% churn risk,support_escalation,Customer Success,Priority callback for high-value subscribers,14.0,0.2,57.58200000000001,43.58200000000001,4.113,Balanced week
CUST-02005,Voltix Home,support_escalation + discount_margin_leak,287.9,Add to customer-success callback queue.,3 support tickets in 90 days | 38% discount with 38% churn risk,support_escalation,Customer Success,Priority callback for high-value subscribers,14.0,0.2,57.58,43.58,4.112857142857143,Balanced week
CUST-01272,Voltix Home,late_fulfillment + failed_payment,217.71,Prioritize shipment follow-up before next renewal.,Delivered in 5 days vs 3 promised | 3 retries / 15 days past due,late_fulfillment,Operations,Late-shipment rescue workflow,9.0,0.24,52.2504,43.2504,5.8056,Balanced week
CUST-01177,Voltix Home,late_fulfillment + discount_margin_leak,211.87,Prioritize shipment follow-up before next renewal.,Delivered in 6 days vs 4 promised | 49% discount with 32% churn risk,late_fulfillment,Operations,Late-shipment rescue workflow,9.0,0.24,50.8488,41.8488,5.649866666666666,Balanced week
CUST-01370,Voltix Home,support_escalation + discount_margin_leak,273.87,Add to customer-success callback queue.,4 support tickets in 90 days | 36% discount with 51% churn risk,support_escalation,Customer Success,Priority callback for high-value subscribers,14.0,0.2,54.774,40.774,3.9124285714285714,Balanced week
CUST-01948,VitalEdge Wellness,support_escalation + discount_margin_leak,270.22,Add to customer-success callback queue.,5 support tickets in 90 days | 50% discount with 67% churn risk,support_escalation,Customer Success,Priority callback for high-value subscribers,14.0,0.2,54.04400000000001,40.04400000000001,3.860285714285715,Balanced week
CUST-01112,Voltix Home,support_escalation + late_fulfillment,268.64,Add to customer-success callback queue.,3 support tickets in 90 days | Delivered in 6 days vs 3 promised,support_escalation,Customer Success,Priority callback for high-value subscribers,14.0,0.2,53.728,39.728,3.8377142857142856,Balanced week
CUST-01673,Voltix Home,support_escalation,252.83,Add to customer-success callback queue.,4 support tickets in 90 days,support_escalation,Customer Success,Priority callback for high-value subscribers,14.0,0.2,50.566,36.566,3.611857142857143,Balanced week
CUST-01259,Voltix Home,late_fulfillment + failed_payment,183.54,Prioritize shipment follow-up before next renewal.,Delivered in 7 days vs 4 promised | 3 retries / 15 days past due,late_fulfillment,Operations,Late-shipment rescue workflow,9.0,0.24,44.0496,35.0496,4.8944,Balanced week
CUST-01781,Northstar Apparel,late_fulfillment + discount_margin_leak,177.86,Prioritize shipment follow-up before next renewal.,Delivered in 5 days vs 3 promised | 46% discount with 49% churn risk,late_fulfillment,Operations,Late-shipment rescue workflow,9.0,0.24,42.6864,33.6864,4.742933333333333,Balanced week
CUST-00480,Voltix Home,late_fulfillment + discount_margin_leak,172.7,Prioritize shipment follow-up before next renewal.,Delivered in 8 days vs 5 promised | 42% discount with 32% churn risk,late_fulfillment,Operations,Late-shipment rescue workflow,9.0,0.24,41.44799999999999,32.44799999999999,4.605333333333332,Balanced week
CUST-00439,Voltix Home,late_fulfillment,172.19,Prioritize shipment follow-up before next renewal.,Delivered in 5 days vs 3 promised,late_fulfillment,Operations,Late-shipment rescue workflow,9.0,0.24,41.3256,32.3256,4.591733333333334,Balanced week
CUST-00756,Northstar Apparel,late_fulfillment + discount_margin_leak,171.34,Prioritize shipment follow-up before next renewal.,Delivered in 9 days vs 5 promised | 46% discount with 42% churn risk,late_fulfillment,Operations,Late-shipment rescue workflow,9.0,0.24,41.1216,32.1216,4.569066666666667,Balanced week
CUST-00137,Voltix Home,discount_margin_leak,162.31,Move from blanket discount to targeted retention offer.,41% discount with 55% churn risk,discount_margin_leak,Growth,Offer ladder instead of blanket discounts,3.5,0.16,25.9696,22.4696,7.419885714285714,Balanced week
CUST-01130,Voltix Home,discount_margin_leak,141.74,Move from blanket discount to targeted retention offer.,41% discount with 44% churn risk,discount_margin_leak,Growth,Offer ladder instead of blanket discounts,3.5,0.16,22.678400000000003,19.178400000000003,6.479542857142858,Balanced week
CUST-00064,Voltix Home,discount_margin_leak,140.98,Move from blanket discount to targeted retention offer.,55% discount with 33% churn risk,discount_margin_leak,Growth,Offer ladder instead of blanket discounts,3.5,0.16,22.5568,19.0568,6.4448,Balanced week
CUST-00247,Voltix Home,late_fulfillment + support_escalation,714.5,Prioritize shipment follow-up before next renewal.,Delivered in 6 days vs 3 promised | 3 support tickets in 90 days,late_fulfillment,Operations,Late-shipment rescue workflow,9.0,0.24,171.48,162.48,19.05333333333333,Full recovery push
CUST-00283,Voltix Home,failed_payment + late_fulfillment,302.83,Send payment update link; decline reason: gateway_issue.,1 retries / 4 days past due | Delivered in 7 days vs 5 promised,failed_payment,Billing Ops,Smart dunning and payment-link recovery,1.25,0.42,127.1886,125.9386,101.75088,Full recovery push
CUST-00114,Voltix Home,failed_payment + late_fulfillment,299.17,Send payment update link; decline reason: insufficient_funds.,3 retries / 11 days past due | Delivered in 4 days vs 2 promised,failed_payment,Billing Ops,Smart dunning and payment-link recovery,1.25,0.42,125.6514,124.4014,100.52112,Full recovery push
CUST-01935,Voltix Home,failed_payment + late_fulfillment,252.23,Send payment update link; decline reason: gateway_issue.,1 retries / 6 days past due | Delivered in 6 days vs 4 promised,failed_payment,Billing Ops,Smart dunning and payment-link recovery,1.25,0.42,105.9366,104.6866,84.74928,Full recovery push
CUST-01408,Voltix Home,failed_payment + late_fulfillment,247.99,Send payment update link; decline reason: expired_card.,3 retries / 9 days past due | Delivered in 6 days vs 4 promised,failed_payment,Billing Ops,Smart dunning and payment-link recovery,1.25,0.42,104.1558,102.9058,83.32464,Full recovery push
CUST-00239,Voltix Home,failed_payment + discount_margin_leak,235.43,Send payment update link; decline reason: gateway_issue.,1 retries / 5 days past due | 46% discount with 57% churn risk,failed_payment,Billing Ops,Smart dunning and payment-link recovery,1.25,0.42,98.8806,97.6306,79.10448,Full recovery push
CUST-00500,Voltix Home,failed_payment + discount_margin_leak,222.5,Send payment update link; decline reason: soft_decline.,2 retries / 15 days past due | 37% discount with 37% churn risk,failed_payment,Billing Ops,Smart dunning and payment-link recovery,1.25,0.42,93.45,92.2,74.76,Full recovery push
CUST-01818,Voltix Home,failed_payment,217.95,Send payment update link; decline reason: authentication_required.,1 retries / 17 days past due,failed_payment,Billing Ops,Smart dunning and payment-link recovery,1.25,0.42,91.53899999999999,90.28899999999999,73.23119999999999,Full recovery push
CUST-01680,Voltix Home,failed_payment + discount_margin_leak,203.58,Send payment update link; decline reason: soft_decline.,3 retries / 6 days past due | 50% discount with 54% churn risk,failed_payment,Billing Ops,Smart dunning and payment-link recovery,1.25,0.42,85.5036,84.2536,68.40288000000001,Full recovery push
CUST-01840,Voltix Home,late_fulfillment + discount_margin_leak,384.84,Prioritize shipment follow-up before next renewal.,Delivered in 6 days vs 3 promised | 55% discount with 54% churn risk,late_fulfillment,Operations,Late-shipment rescue workflow,9.0,0.24,92.3616,83.3616,10.2624,Full recovery push
CUST-02239,Voltix Home,late_fulfillment + discount_margin_leak,384.55,Prioritize shipment follow-up before next renewal.,Delivered in 5 days vs 2 promised | 44% discount with 63% churn risk,late_fulfillment,Operations,Late-shipment rescue workflow,9.0,0.24,92.292,83.292,10.254666666666667,Full recovery push
CUST-01103,Voltix Home,late_fulfillment + failed_payment,375.05,Prioritize shipment follow-up before next renewal.,Delivered in 7 days vs 5 promised | 2 retries / 5 days past due,late_fulfillment,Operations,Late-shipment rescue workflow,9.0,0.24,90.012,81.012,10.001333333333333,Full recovery push
CUST-02437,Voltix Home,support_escalation + failed_payment,471.76,Add to customer-success callback queue.,3 support tickets in 90 days | 3 retries / 2 days past due,support_escalation,Customer Success,Priority callback for high-value subscribers,14.0,0.2,94.352,80.352,6.739428571428571,Full recovery push
CUST-00463,Voltix Home,failed_payment,193.78,Send payment update link; decline reason: insufficient_funds.,3 retries / 4 days past due,failed_payment,Billing Ops,Smart dunning and payment-link recovery,1.25,0.42,81.38759999999999,80.13759999999999,65.11008,Full recovery push
CUST-00600,Voltix Home,late_fulfillment + discount_margin_leak,364.38,Prioritize shipment follow-up before next renewal.,Delivered in 9 days vs 5 promised | 50% discount with 52% churn risk,late_fulfillment,Operations,Late-shipment rescue workflow,9.0,0.24,87.4512,78.4512,9.7168,Full recovery push
CUST-00042,VitalEdge Wellness,late_fulfillment + support_escalation + discount_margin_leak,344.65,Prioritize shipment follow-up before next renewal.,Delivered in 5 days vs 3 promised | 3 support tickets in 90 days,late_fulfillment,Operations,Late-shipment rescue workflow,9.0,0.24,82.716,73.716,9.190666666666665,Full recovery push
CUST-02166,VitalEdge Wellness,failed_payment + late_fulfillment,172.34,Send payment update link; decline reason: insufficient_funds.,3 retries / 7 days past due | Delivered in 5 days vs 3 promised,failed_payment,Billing Ops,Smart dunning and payment-link recovery,1.25,0.42,72.3828,71.1328,57.906240000000004,Full recovery push
CUST-01246,Voltix Home,support_escalation + late_fulfillment,422.18,Add to customer-success callback queue.,3 support tickets in 90 days | Delivered in 5 days vs 3 promised,support_escalation,Customer Success,Priority callback for high-value subscribers,14.0,0.2,84.436,70.436,6.031142857142858,Full recovery push
CUST-00436,VitalEdge Wellness,failed_payment + late_fulfillment,165.78,Send payment update link; decline reason: authentication_required.,1 retries / 6 days past due | Delivered in 7 days vs 4 promised,failed_payment,Billing Ops,Smart dunning and payment-link recovery,1.25,0.42,69.6276,68.3776,55.70208,Full recovery push
CUST-02176,Voltix Home,late_fulfillment + discount_margin_leak,309.9,Prioritize shipment follow-up before next renewal.,Delivered in 4 days vs 2 promised | 46% discount with 47% churn risk,late_fulfillment,Operations,Late-shipment rescue workflow,9.0,0.24,74.37599999999999,65.37599999999999,8.264,Full recovery push
CUST-00615,Voltix Home,failed_payment,155.0,Send payment update link; decline reason: expired_card.,1 retries / 9 days past due,failed_payment,Billing Ops,Smart dunning and payment-link recovery,1.25,0.42,65.1,63.849999999999994,52.08,Full recovery push
CUST-02313,Voltix Home,support_escalation + late_fulfillment,388.28,Add to customer-success callback queue.,3 support tickets in 90 days | Delivered in 4 days vs 2 promised,support_escalation,Customer Success,Priority callback for high-value subscribers,14.0,0.2,77.656,63.656000000000006,5.546857142857143,Full recovery push
CUST-00953,Voltix Home,late_fulfillment + discount_margin_leak,291.19,Prioritize shipment follow-up before next renewal.,Delivered in 7 days vs 3 promised | 51% discount with 55% churn risk,late_fulfillment,Operations,Late-shipment rescue workflow,9.0,0.24,69.8856,60.8856,7.765066666666666,Full recovery push
CUST-02517,Voltix Home,failed_payment,145.94,Send payment update link; decline reason: expired_card.,3 retries / 9 days past due,failed_payment,Billing Ops,Smart dunning and payment-link recovery,1.25,0.42,61.294799999999995,60.044799999999995,49.03583999999999,Full recovery push
CUST-01877,Voltix Home,support_escalation,358.68,Add to customer-success callback queue.,3 support tickets in 90 days,support_escalation,Customer Success,Priority callback for high-value subscribers,14.0,0.2,71.736,57.736000000000004,5.1240000000000006,Full recovery push
CUST-01959,Voltix Home,support_escalation + discount_margin_leak,341.85,Add to customer-success callback queue.,5 support tickets in 90 days | 36% discount with 69% churn risk,support_escalation,Customer Success,Priority callback for high-value subscribers,14.0,0.2,68.37,54.370000000000005,4.883571428571429,Full recovery push
CUST-02486,Voltix Home,late_fulfillment + failed_payment,244.93,Prioritize shipment follow-up before next renewal.,Delivered in 10 days vs 4 promised | 3 retries / 12 days past due,late_fulfillment,Operations,Late-shipment rescue workflow,9.0,0.24,58.7832,49.7832,6.531466666666667,Full recovery push
CUST-01436,Voltix Home,late_fulfillment,232.37,Prioritize shipment follow-up before next renewal.,Delivered in 7 days vs 2 promised,late_fulfillment,Operations,Late-shipment rescue workflow,9.0,0.24,55.7688,46.7688,6.196533333333333,Full recovery push
CUST-02259,Voltix Home,support_escalation + discount_margin_leak,293.66,Add to customer-success callback queue.,3 support tickets in 90 days | 41% discount with 47% churn risk,support_escalation,Customer Success,Priority callback for high-value subscribers,14.0,0.2,58.732000000000006,44.732000000000006,4.195142857142858,Full recovery push
CUST-00344,Voltix Home,late_fulfillment + discount_margin_leak,222.83,Prioritize shipment follow-up before next renewal.,Delivered in 6 days vs 4 promised | 39% discount with 39% churn risk,late_fulfillment,Operations,Late-shipment rescue workflow,9.0,0.24,53.4792,44.4792,5.9421333333333335,Full recovery push
CUST-01583,Voltix Home,support_escalation + discount_margin_leak,287.91,Add to customer-success callback queue.,3 support tickets in 90 days | 43% discount with 51% churn risk,support_escalation,Customer Success,Priority callback for high-value subscribers,14.0,0.2,57.58200000000001,43.58200000000001,4.113,Full recovery push
CUST-02005,Voltix Home,support_escalation + discount_margin_leak,287.9,Add to customer-success callback queue.,3 support tickets in 90 days | 38% discount with 38% churn risk,support_escalation,Customer Success,Priority callback for high-value subscribers,14.0,0.2,57.58,43.58,4.112857142857143,Full recovery push
CUST-01272,Voltix Home,late_fulfillment + failed_payment,217.71,Prioritize shipment follow-up before next renewal.,Delivered in 5 days vs 3 promised | 3 retries / 15 days past due,late_fulfillment,Operations,Late-shipment rescue workflow,9.0,0.24,52.2504,43.2504,5.8056,Full recovery push
CUST-01177,Voltix Home,late_fulfillment + discount_margin_leak,211.87,Prioritize shipment follow-up before next renewal.,Delivered in 6 days vs 4 promised | 49% discount with 32% churn risk,late_fulfillment,Operations,Late-shipment rescue workflow,9.0,0.24,50.8488,41.8488,5.649866666666666,Full recovery push
CUST-01370,Voltix Home,support_escalation + discount_margin_leak,273.87,Add to customer-success callback queue.,4 support tickets in 90 days | 36% discount with 51% churn risk,support_escalation,Customer Success,Priority callback for high-value subscribers,14.0,0.2,54.774,40.774,3.9124285714285714,Full recovery push
CUST-01948,VitalEdge Wellness,support_escalation + discount_margin_leak,270.22,Add to customer-success callback queue.,5 support tickets in 90 days | 50% discount with 67% churn risk,support_escalation,Customer Success,Priority callback for high-value subscribers,14.0,0.2,54.04400000000001,40.04400000000001,3.860285714285715,Full recovery push
CUST-01112,Voltix Home,support_escalation + late_fulfillment,268.64,Add to customer-success callback queue.,3 support tickets in 90 days | Delivered in 6 days vs 3 promised,support_escalation,Customer Success,Priority callback for high-value subscribers,14.0,0.2,53.728,39.728,3.8377142857142856,Full recovery push
CUST-01673,Voltix Home,support_escalation,252.83,Add to customer-success callback queue.,4 support tickets in 90 days,support_escalation,Customer Success,Priority callback for high-value subscribers,14.0,0.2,50.566,36.566,3.611857142857143,Full recovery push
CUST-00843,Voltix Home,support_escalation,246.64,Add to customer-success callback queue.,5 support tickets in 90 days,support_escalation,Customer Success,Priority callback for high-value subscribers,14.0,0.2,49.328,35.328,3.5234285714285716,Full recovery push
CUST-01259,Voltix Home,late_fulfillment + failed_payment,183.54,Prioritize shipment follow-up before next renewal.,Delivered in 7 days vs 4 promised | 3 retries / 15 days past due,late_fulfillment,Operations,Late-shipment rescue workflow,9.0,0.24,44.0496,35.0496,4.8944,Full recovery push
CUST-01781,Northstar Apparel,late_fulfillment + discount_margin_leak,177.86,Prioritize shipment follow-up before next renewal.,Delivered in 5 days vs 3 promised | 46% discount with 49% churn risk,late_fulfillment,Operations,Late-shipment rescue workflow,9.0,0.24,42.6864,33.6864,4.742933333333333,Full recovery push
CUST-00480,Voltix Home,late_fulfillment + discount_margin_leak,172.7,Prioritize shipment follow-up before next renewal.,Delivered in 8 days vs 5 promised | 42% discount with 32% churn risk,late_fulfillment,Operations,Late-shipment rescue workflow,9.0,0.24,41.44799999999999,32.44799999999999,4.605333333333332,Full recovery push
CUST-00439,Voltix Home,late_fulfillment,172.19,Prioritize shipment follow-up before next renewal.,Delivered in 5 days vs 3 promised,late_fulfillment,Operations,Late-shipment rescue workflow,9.0,0.24,41.3256,32.3256,4.591733333333334,Full recovery push
CUST-00756,Northstar Apparel,late_fulfillment + discount_margin_leak,171.34,Prioritize shipment follow-up before next renewal.,Delivered in 9 days vs 5 promised | 46% discount with 42% churn risk,late_fulfillment,Operations,Late-shipment rescue workflow,9.0,0.24,41.1216,32.1216,4.569066666666667,Full recovery push
CUST-00282,Voltix Home,late_fulfillment,170.03,Prioritize shipment follow-up before next renewal.,Delivered in 4 days vs 2 promised,late_fulfillment,Operations,Late-shipment rescue workflow,9.0,0.24,40.8072,31.8072,4.534133333333333,Full recovery push
CUST-00945,Voltix Home,late_fulfillment + discount_margin_leak,169.75,Prioritize shipment follow-up before next renewal.,Delivered in 5 days vs 2 promised | 36% discount with 32% churn risk,late_fulfillment,Operations,Late-shipment rescue workflow,9.0,0.24,40.74,31.740000000000002,4.526666666666667,Full recovery push
CUST-02194,Voltix Home,late_fulfillment,169.3,Prioritize shipment follow-up before next renewal.,Delivered in 6 days vs 2 promised,late_fulfillment,Operations,Late-shipment rescue workflow,9.0,0.24,40.632,31.631999999999998,4.514666666666667,Full recovery push
CUST-01369,Voltix Home,support_escalation,228.06,Add to customer-success callback queue.,3 support tickets in 90 days,support_escalation,Customer Success,Priority callback for high-value subscribers,14.0,0.2,45.612,31.612000000000002,3.258,Full recovery push
CUST-01949,Voltix Home,late_fulfillment,166.18,Prioritize shipment follow-up before next renewal.,Delivered in 7 days vs 5 promised,late_fulfillment,Operations,Late-shipment rescue workflow,9.0,0.24,39.8832,30.883200000000002,4.431466666666667,Full recovery push
CUST-01478,Voltix Home,support_escalation,223.85,Add to customer-success callback queue.,3 support tickets in 90 days,support_escalation,Customer Success,Priority callback for high-value subscribers,14.0,0.2,44.77,30.770000000000003,3.197857142857143,Full recovery push
CUST-01041,Voltix Home,late_fulfillment,163.17,Prioritize shipment follow-up before next renewal.,Delivered in 6 days vs 4 promised,late_fulfillment,Operations,Late-shipment rescue workflow,9.0,0.24,39.160799999999995,30.160799999999995,4.3511999999999995,Full recovery push
CUST-01415,Voltix Home,support_escalation + discount_margin_leak,216.42,Add to customer-success callback queue.,3 support tickets in 90 days | 44% discount with 50% churn risk,support_escalation,Customer Success,Priority callback for high-value subscribers,14.0,0.2,43.284,29.284,3.0917142857142856,Full recovery push
CUST-01347,Voltix Home,support_escalation,212.16,Add to customer-success callback queue.,3 support tickets in 90 days,support_escalation,Customer Success,Priority callback for high-value subscribers,14.0,0.2,42.432,28.432000000000002,3.030857142857143,Full recovery push
CUST-01334,Voltix Home,support_escalation,204.31,Add to customer-success callback queue.,6 support tickets in 90 days,support_escalation,Customer Success,Priority callback for high-value subscribers,14.0,0.2,40.862,26.862000000000002,2.918714285714286,Full recovery push
CUST-01286,Voltix Home,late_fulfillment,147.97,Prioritize shipment follow-up before next renewal.,Delivered in 6 days vs 4 promised,late_fulfillment,Operations,Late-shipment rescue workflow,9.0,0.24,35.5128,26.5128,3.9458666666666664,Full recovery push
CUST-00310,Voltix Home,late_fulfillment,146.97,Prioritize shipment follow-up before next renewal.,Delivered in 5 days vs 3 promised,late_fulfillment,Operations,Late-shipment rescue workflow,9.0,0.24,35.2728,26.272799999999997,3.9191999999999996,Full recovery push
CUST-00553,Voltix Home,late_fulfillment,144.03,Prioritize shipment follow-up before next renewal.,Delivered in 4 days vs 2 promised,late_fulfillment,Operations,Late-shipment rescue workflow,9.0,0.24,34.5672,25.5672,3.8407999999999998,Full recovery push
CUST-01922,Northstar Apparel,late_fulfillment + discount_margin_leak,144.02,Prioritize shipment follow-up before next renewal.,Delivered in 6 days vs 3 promised | 55% discount with 49% churn risk,late_fulfillment,Operations,Late-shipment rescue workflow,9.0,0.24,34.5648,25.564799999999998,3.840533333333333,Full recovery push
CUST-01101,Voltix Home,late_fulfillment,142.39,Prioritize shipment follow-up before next renewal.,Delivered in 5 days vs 3 promised,late_fulfillment,Operations,Late-shipment rescue workflow,9.0,0.24,34.17359999999999,25.173599999999993,3.797066666666666,Full recovery push
CUST-02553,VitalEdge Wellness,late_fulfillment + discount_margin_leak,142.38,Prioritize shipment follow-up before next renewal.,Delivered in 7 days vs 2 promised | 36% discount with 43% churn risk,late_fulfillment,Operations,Late-shipment rescue workflow,9.0,0.24,34.1712,25.1712,3.7967999999999997,Full recovery push
CUST-00407,Northstar Apparel,late_fulfillment,140.95,Prioritize shipment follow-up before next renewal.,Delivered in 6 days vs 4 promised,late_fulfillment,Operations,Late-shipment rescue workflow,9.0,0.24,33.827999999999996,24.827999999999996,3.758666666666666,Full recovery push
CUST-00235,Voltix Home,support_escalation,192.55,Add to customer-success callback queue.,3 support tickets in 90 days,support_escalation,Customer Success,Priority callback for high-value subscribers,14.0,0.2,38.510000000000005,24.510000000000005,2.750714285714286,Full recovery push
CUST-01399,Voltix Home,late_fulfillment,139.12,Prioritize shipment follow-up before next renewal.,Delivered in 7 days vs 5 promised,late_fulfillment,Operations,Late-shipment rescue workflow,9.0,0.24,33.3888,24.388800000000003,3.709866666666667,Full recovery push
CUST-02534,Voltix Home,support_escalation + discount_margin_leak,183.23,Add to customer-success callback queue.,3 support tickets in 90 days | 40% discount with 46% churn risk,support_escalation,Customer Success,Priority callback for high-value subscribers,14.0,0.2,36.646,22.646,2.6175714285714284,Full recovery push
CUST-00137,Voltix Home,discount_margin_leak,162.31,Move from blanket discount to targeted retention offer.,41% discount with 55% churn risk,discount_margin_leak,Growth,Offer ladder instead of blanket discounts,3.5,0.16,25.9696,22.4696,7.419885714285714,Full recovery push
CUST-01616,Northstar Apparel,support_escalation + late_fulfillment,178.02,Add to customer-success callback queue.,3 support tickets in 90 days | Delivered in 5 days vs 3 promised,support_escalation,Customer Success,Priority callback for high-value subscribers,14.0,0.2,35.604000000000006,21.604000000000006,2.5431428571428576,Full recovery push
CUST-01870,Voltix Home,support_escalation,177.11,Add to customer-success callback queue.,3 support tickets in 90 days,support_escalation,Customer Success,Priority callback for high-value subscribers,14.0,0.2,35.422000000000004,21.422000000000004,2.5301428571428572,Full recovery push
CUST-00097,Voltix Home,support_escalation,168.87,Add to customer-success callback queue.,4 support tickets in 90 days,support_escalation,Customer Success,Priority callback for high-value subscribers,14.0,0.2,33.774,19.774,2.4124285714285714,Full recovery push
CUST-01015,Northstar Apparel,support_escalation + discount_margin_leak,168.19,Add to customer-success callback queue.,3 support tickets in 90 days | 55% discount with 61% churn risk,support_escalation,Customer Success,Priority callback for high-value subscribers,14.0,0.2,33.638,19.637999999999998,2.4027142857142856,Full recovery push
CUST-01130,Voltix Home,discount_margin_leak,141.74,Move from blanket discount to targeted retention offer.,41% discount with 44% churn risk,discount_margin_leak,Growth,Offer ladder instead of blanket discounts,3.5,0.16,22.678400000000003,19.178400000000003,6.479542857142858,Full recovery push
CUST-00064,Voltix Home,discount_margin_leak,140.98,Move from blanket discount to targeted retention offer.,55% discount with 33% churn risk,discount_margin_leak,Growth,Offer ladder instead of blanket discounts,3.5,0.16,22.5568,19.0568,6.4448,Full recovery push
CUST-00033,Voltix Home,support_escalation,161.72,Add to customer-success callback queue.,4 support tickets in 90 days,support_escalation,Customer Success,Priority callback for high-value subscribers,14.0,0.2,32.344,18.344,2.3102857142857145,Full recovery push
CUST-01651,VitalEdge Wellness,support_escalation + late_fulfillment,161.4,Add to customer-success callback queue.,3 support tickets in 90 days | Delivered in 6 days vs 3 promised,support_escalation,Customer Success,Priority callback for high-value subscribers,14.0,0.2,32.28,18.28,2.3057142857142856,Full recovery push
CUST-02400,Voltix Home,support_escalation,147.47,Add to customer-success callback queue.,4 support tickets in 90 days,support_escalation,Customer Success,Priority callback for high-value subscribers,14.0,0.2,29.494,15.494,2.1067142857142858,Full recovery push
CUST-02267,Voltix Home,support_escalation,144.15,Add to customer-success callback queue.,5 support tickets in 90 days,support_escalation,Customer Success,Priority callback for high-value subscribers,14.0,0.2,28.830000000000002,14.830000000000002,2.0592857142857146,Full recovery push
